排名,标题,播放量,链接
1,口技表演《三打白骨精》,,https://www.bilibili.com/video/BV1CVdVBjETn
2,《崩坏：星穹铁道》银狼LV.999角色PV——「我独自满级」,,https://www.bilibili.com/video/BV1wYdWB5EVF
3,楚人美游记 1-5 合集：当楚人美被孙悟空拐去取经,,https://www.bilibili.com/video/BV15YdBB6Efz
4,［meme］豌豆公主,,https://www.bilibili.com/video/BV1DNd7BMEqP
5,"""每次生日许的愿 其实都与你有关""2.0",,https://www.bilibili.com/video/BV1yedxBnEn3
6,狡兔屋老大希希芙,,https://www.bilibili.com/video/BV1N8d5BsEcN
7,破产大王如何搞发明？【小约翰】,,https://www.bilibili.com/video/BV1ewdhBmEux
8,《非法组队》,,https://www.bilibili.com/video/BV1QTdHBpEfR
9,郝 哥 不 在,,https://www.bilibili.com/video/BV1RwdhBmE3M
10,疑似三打白骨精现场真实画面流出,,https://www.bilibili.com/video/BV11ZdJB6ECR
11,当你穿进老钱班22,,https://www.bilibili.com/video/BV1YQdWBcEtN
12,《异环》公测PV丨Play on！,,https://www.bilibili.com/video/BV1dsQnB7EHb
13,学了三天特效做出来的昔涟技能动画,,https://www.bilibili.com/video/BV12UdVBpEtg
14,全明星登场无限城！无惨；你们都是什么柱？！,,https://www.bilibili.com/video/BV17Cd5B1E8P
15,刘巳道重拍《哭声》：怀疑即有罪，神明皆恶鬼，万般抉择，皆赴既定终局  /  上集,,https://www.bilibili.com/video/BV1uYdRByEXX
16,朗诵《猪辩》但读到猪就猪叫,,https://www.bilibili.com/video/BV1Vgd5BMESV
17,成为高启强第一步：卖水产,,https://www.bilibili.com/video/BV1m1dVBsEtW
18,《老友》 年少时，我们以为好朋友是“一起玩”。中年时，我们才懂好朋友是“拉一把”。,,https://www.bilibili.com/video/BV16NdzBmE5q
19,《生鱼忧患 死鱼安乐》,,https://www.bilibili.com/video/BV1vBd7B1EVL
20,火柴人 VS 我的世界 第三十九集 天境（The Aether）,,https://www.bilibili.com/video/BV1e8dsBNEB1
21,过去未来法则,,https://www.bilibili.com/video/BV1wZdVB7ENe
22,顺手的事,,https://www.bilibili.com/video/BV11YdzBbEvY
23,语文老师看到都释怀了,,https://www.bilibili.com/video/BV1GHdEBjEQT
24,“什么叫惊喜”？,,https://www.bilibili.com/video/BV1vSdWBaEwz
25,点外卖的凑单方式：,,https://www.bilibili.com/video/BV1vSdWBaE7b
26,《重返未来：1999》三周年特别版本·3.7版本PV：他者的悲哀,,https://www.bilibili.com/video/BV1MPdBB8EEN
27,《鸣潮》3.3版本PV | 自星海尽处回响,,https://www.bilibili.com/video/BV128d5BsEHa
28,和李现，攀登人生第一座雪山,,https://www.bilibili.com/video/BV1SSQLBREVV
29,在ai盛行的时代老艺术家还在坚持手搓,,https://www.bilibili.com/video/BV17wd5BCEX9
30,终于来了！大疆Pocket 4上手,,https://www.bilibili.com/video/BV1DgdhBGEq2
31,教官和幼儿园小朋友互动，剪刀石头布得糖果。网友：这次遇到对手了！,,https://www.bilibili.com/video/BV1msd5BZE8e
32,【何同学】为了随地大小坐，我们做了这个…,,https://www.bilibili.com/video/BV1YydJBJEuF
33,重庆|如画一般,,https://www.bilibili.com/video/BV1BCdZBeECE
34,青年大学习初入社会学校不教，但你要会的53个技能,,https://www.bilibili.com/video/BV1TTdBBtEtt
35,【终末地】1.2版本最好抄毕业基建！赫铜重息壤一键毕业！,,https://www.bilibili.com/video/BV1wCdzBXEkK
36,核废水淹没陆地，在海上生存1000天！,,https://www.bilibili.com/video/BV1eBd7B1Ekv
37,在美国，我们不说“苦中作乐”，我们说...,,https://www.bilibili.com/video/BV14zdnBkEU1
38,上瘾,,https://www.bilibili.com/video/BV18pdzBKEky
39,不该进爷爷的房间的······,,https://www.bilibili.com/video/BV1DDdJBLEWa
40,全网首发！我竟然做了一个机枪炮塔！终末地铳械塔同款？,,https://www.bilibili.com/video/BV1didbB2EYL
41,【终末地动画】这武陵的天终究还是黑了啊,,https://www.bilibili.com/video/BV1KVd6BwEU1
42,经！济！狂！怒！万税爷启动对伊朗最新制裁,,https://www.bilibili.com/video/BV17GdEBpEs8
43,靠刮刮乐成为百万富翁?!!!,,https://www.bilibili.com/video/BV1URdJBkEtY
44,第一次参加泼水节，我被泼晕了...,,https://www.bilibili.com/video/BV1nfdVB1ET4
45,如果你见到小时候的自己，那么你会做什么？,,https://www.bilibili.com/video/BV1rndLBJEkt
46,我是律师，请用当事人的语气让我破防14.0,,https://www.bilibili.com/video/BV1scdnBBEMg
47,"16名高级军官, 14人做错!德国联邦国防军指挥学院战术真题！【题库】",,https://www.bilibili.com/video/BV1uAdBBcEXb
48,《明日方舟：终末地》过场动画 - 却海,,https://www.bilibili.com/video/BV1vgd5BMEsG
49,千万别把魔鬼辣椒切开埋在土里，要不然它就会这样生长！,,https://www.bilibili.com/video/BV1fMdjB7Ejf
50,顶级智斗,,https://www.bilibili.com/video/BV16wdjBHErh
51,5分钟看完不结婚的一生，到底是什么样子？—自制AI短片,,https://www.bilibili.com/video/BV1amdJB7EzS
52,新游戏到了，有人要来我家玩吗？,,https://www.bilibili.com/video/BV1E4dBByE7o
53,"【TF家族练习生】《千万分之一的我》01「Dream, Side B」",,https://www.bilibili.com/video/BV1dCQJBLEmp
54,【终末地】1.2毕业蓝图攻略！赫铜装备零件+重息壤一键部署！摆完挂机+造型美观  |魔法Zc目录,,https://www.bilibili.com/video/BV1wed5BQE96
55,【登陆少年】2026TOP登陆少年组合·浪漫主义·演唱会Day1·苏新皓个人直拍,,https://www.bilibili.com/video/BV1ffdoBeECC
56,贾斯汀比伯《Baby》，但是印度风格,,https://www.bilibili.com/video/BV1KddhBrErG
57,【有材曲博士】一种以传统拉面为灵感的脑机接口智能纤维,,https://www.bilibili.com/video/BV1iZd8BnE9o
58,探秘全国最贵酒店！一晚上万睡在胡同里？,,https://www.bilibili.com/video/BV1BTdzBjE1P
59,捡到一只小奶狗 就叫你桑丘吧,,https://www.bilibili.com/video/BV1nGQEBUELJ
60,加藤去腾冲,,https://www.bilibili.com/video/BV1zFdqBVEbn
61,💃杰哥不要，但是音乐剧💃,,https://www.bilibili.com/video/BV17CdvBKEcT
62,逆天小游戏2214,,https://www.bilibili.com/video/BV1budbBNEzf
63,在失踪弟弟的口袋里找到了一张符咒...,,https://www.bilibili.com/video/BV1oDdjBmEHG
64,低皮质醇，不吃压力～,,https://www.bilibili.com/video/BV1N8d5BsEJR
65,精油开背仁王盾,,https://www.bilibili.com/video/BV1FDdnBNEXF
66,新发型帅到你只能你说一句I'm so sorry！,,https://www.bilibili.com/video/BV1Mpd5BFEfC
67,scribe词根记单词，飞一般的感觉,,https://www.bilibili.com/video/BV1TQdBBtELY
68,老实了，能不能送我回去,,https://www.bilibili.com/video/BV1fcdZBAEwk
69,麦乐鸡块,,https://www.bilibili.com/video/BV19YdVBYEp2
70,一条视频，让所有初高中生，睡个好觉~,,https://www.bilibili.com/video/BV155djBVEva
71,我去，庄方宜！,,https://www.bilibili.com/video/BV1i4dVBqEfu
72,【终末地1.2上半】武陵毕业基建 摆完挂机 简单好抄 赫铜装备原件/重息壤/赫铜零件/优质芽针针剂/中容武陵电池,,https://www.bilibili.com/video/BV1xod7BYE2a
73,【速凌宇宙】第十六集：赛伊德带队入侵航天？勇者行动开启！,,https://www.bilibili.com/video/BV1CbdHBMEHK
74,总耗时130小时，97000颗拼豆拼的我的祖国，烫豆完成 这是挑战成功了吗？,,https://www.bilibili.com/video/BV1L3d5BqEgH
75,被粉红蓝莓刷屏了！400元/斤？新品种吗？靠谱吗？要改种吗？【主播说三农】,,https://www.bilibili.com/video/BV1FQdnBeEZf
76,广西乡村寻狗之人在囧途！,,https://www.bilibili.com/video/BV14Xd7BKEGW
77,"""接下来奔赴战场的是...""",,https://www.bilibili.com/video/BV1mddhBrEvv
78,当被问到每天在学校都干些啥时......,,https://www.bilibili.com/video/BV1bdddBmEo4
79,年级第一，能文能武,,https://www.bilibili.com/video/BV1rKdEB4EXi
80,【地狱厨神】来到梗图尽头,,https://www.bilibili.com/video/BV1bqQEBhEQv
81,你的辩论固然惊艳，但你的人生更胜一筹,,https://www.bilibili.com/video/BV1HCdzBQESr
82,从知名童星到互联网抽象圣体？盘点嘎子直播间究极抽象名场面！看完笑疯了哈哈哈,,https://www.bilibili.com/video/BV1GtdpBZEx8
83,黑幕、皇族、德不配位其实浪姐1就有，那《浪姐 1》凭什么依旧能封神？！,,https://www.bilibili.com/video/BV1G7djB3E56
84,阿sir完美配合，展示抓钩的正确用法,,https://www.bilibili.com/video/BV1b4dzBYEWU
85,八年情侣博主的心里话,,https://www.bilibili.com/video/BV1uidoBnEiy
86,阿诺是不是装的,,https://www.bilibili.com/video/BV1rbdJB8Eun
87,希望你喜欢，素未谋面的鼠鼠兄弟,,https://www.bilibili.com/video/BV1dndaBWE8M
88,偶遇一个地下说唱歌手，让他带我玩一天…,,https://www.bilibili.com/video/BV12odJB3E9E
89,东德经济学博士爆改20万人非洲小岛国【中非08丨圣多美和普林西比】,,https://www.bilibili.com/video/BV14XQwBjEU9
90,樱花雨,,https://www.bilibili.com/video/BV1CkdnB6EZm
91,百事能做到吗？！,,https://www.bilibili.com/video/BV1HCdzBQECF
92,淀粉肠臭豆腐烤冷面 火遍全国的小吃是怎么诞生的？,,https://www.bilibili.com/video/BV1G4dnBDEb1
93,华强买瓜，但爵士酒吧（shy in love）,,https://www.bilibili.com/video/BV1hTdhB5EW9
94,见面5秒开始战斗,,https://www.bilibili.com/video/BV1EWdfBTEGy
95,上海女子举报虐猫，全家身份信息被泄露骚扰，女子自杀被救，全家人不敢回家,,https://www.bilibili.com/video/BV1zYdJBoEc8
96,“问君能有几多愁，恰似一江春水向东流”,,https://www.bilibili.com/video/BV1Y7dzBzE8K
97,雨停之前，我还不能倒下!,,https://www.bilibili.com/video/BV1r7dLBHESR
98,听完就出心了！,,https://www.bilibili.com/video/BV15BdBBTEwy
99,在浙江山里发现巨型黑眉锦蛇还有性格胆小的美女蛇,,https://www.bilibili.com/video/BV1sYdqBDEh2
100,烟头叔叔原版VS鬼畜版,,https://www.bilibili.com/video/BV1CddBB9EmU
