title,bvid,author,play,view,like,heat,url,label
⚡对 对 子 战 神 4⚡,BV1TtoaBCEyz,洛温阿特金森,579.1万,579.1万,47.7万,579.1万,https://www.bilibili.com/video/BV1TtoaBCEyz,洛温阿特金森
“音乐一响 神兵登场”,BV1s9oYByE52,醉心日推音乐,681.5万,681.5万,48.0万,681.5万,https://www.bilibili.com/video/BV1s9oYByE52,醉心日推音乐
宝岛珠还，功成无我,BV1AHo5B9Ejs,朱铁雄,335.8万,335.8万,36.2万,335.8万,https://www.bilibili.com/video/BV1AHo5B9Ejs,朱铁雄
翻译翻译 什么叫猛攻！,BV1m4oaBVEqW,三角洲行动,702.6万,702.6万,45.0万,702.6万,https://www.bilibili.com/video/BV1m4oaBVEqW,三角洲行动
《原神》幕后的故事：向至冬，向未来,BV1BtoYBaELd,原神,203.1万,203.1万,17.4万,203.1万,https://www.bilibili.com/video/BV1BtoYBaELd,原神
对不起...,BV16ooQBsERA,逗比的雀巢,317.3万,317.3万,24.7万,317.3万,https://www.bilibili.com/video/BV16ooQBsERA,逗比的雀巢
腹有视频气自滑✨,BV1LYdSBMEv5,papi酱,296.4万,296.4万,26.7万,296.4万,https://www.bilibili.com/video/BV1LYdSBMEv5,papi酱
如何在亚马逊雨林里种树？【硬核狠人88】,BV1aBoYBREyj,小约翰可汗,258.0万,258.0万,18.1万,258.0万,https://www.bilibili.com/video/BV1aBoYBREyj,小约翰可汗
你可以熬夜，但第二天必须去做这些恢复。,BV12ZoxBZE6H,心理能量1101,359.7万,359.7万,31.2万,359.7万,https://www.bilibili.com/video/BV12ZoxBZE6H,心理能量1101
唱着山歌来买瓜,BV115oWBnEgB,猫屎花生,429.1万,429.1万,37.7万,429.1万,https://www.bilibili.com/video/BV115oWBnEgB,猫屎花生
