排名,标题,热度,链接
1,白宫晚宴事件细节：30岁男子持霰弹枪,30565972,https://www.toutiao.com/trending/7632880276544798758/?category_name=topic_innerflow
2,俞敏洪回应多位主播离职,27657235,https://www.toutiao.com/trending/7632721584440262698/?category_name=topic_innerflow
3,世界知识产权日 守护“原创力”,25025301,https://www.toutiao.com/trending/7632821425263263750/?category_name=topic_innerflow
4,特朗普因枪击案撤离时摔了一跤,22643829,https://www.toutiao.com/trending/7632911812794748466/?category_name=topic_innerflow
5,余承东检讨称以前做车不重视外观,20488983,https://www.toutiao.com/trending/7632858323850903561/?category_name=topic_innerflow
6,夫妻在楼道养鸡双双重症肺炎住进ICU,18539199,https://www.toutiao.com/trending/7632859850486825001/?category_name=topic_innerflow
7,白宫记协晚宴枪手身份背景曝光,16774961,https://www.toutiao.com/trending/7632910276586192937/?category_name=topic_innerflow
8,榴莲已经20多元一斤了,15178612,https://www.toutiao.com/trending/7632863838476501038/?category_name=topic_innerflow
9,“学霸”女兵一杠三星肩章太飒了,13734176,https://www.toutiao.com/trending/7632194372679417882/?category_name=topic_innerflow
10,美枪击现场男子淡定拍照拉都拉不走,12427196,https://www.toutiao.com/trending/7632586090116943366/?category_name=topic_innerflow
